sampler_label,aggregate_report_count,average,aggregate_report_min,aggregate_report_max,aggregate_report_stddev,aggregate_report_error%,aggregate_report_rate,aggregate_report_bandwidth,average_bytes
httpUsers:HTTP_Request_flights_collection,7000,418,8,1539,63.42681895246351,0.0,25.857260534063247,4.1917043443891595,166.0
httpUsers:HTTP_Request_schedule_collection,7000,420,18,1539,70.46227212226871,0.0,25.84456341148237,4.1896460217832745,166.0
httpUsers:HTTP_Request_customer_collection,7000,417,22,1538,56.87619370355338,0.0,25.8349295629099,4.188084284612347,166.0
httpUsers:HTTP_Request_airport_collection,7000,417,29,1489,61.3015734576836,0.0,25.825588731188823,4.186570048220064,166.0
httpUsers:HTTP_Request_seats_collection,7000,419,27,1493,66.70366617452471,0.0,25.823397473733916,4.186214824843584,166.0
httpUsers:HTTP_Request_ticket_collection,7000,419,13,1489,71.2136506611602,0.0,25.824731238332756,4.186431040589099,166.0
TOTAL,42000,418,8,1539,65.20061273363383,0.0,154.8666855948171,25.105341610097305,166.0
