sampler_label,aggregate_report_count,average,aggregate_report_min,aggregate_report_max,aggregate_report_stddev,aggregate_report_error%,aggregate_report_rate,aggregate_report_bandwidth,average_bytes
httpUsers:HTTP_Request_flights_collection,8000,475,16,835,57.38606901926962,0.0,26.15584305186377,4.240107369735728,166.0
httpUsers:HTTP_Request_schedule_collection,8000,478,31,750,55.54943818783727,0.0,26.120060859741802,4.234306740934706,166.0
httpUsers:HTTP_Request_customer_collection,8000,477,42,793,54.07632252139107,0.0,26.09807657175666,4.230742881749615,166.0
httpUsers:HTTP_Request_airport_collection,8000,478,68,757,53.69862544432015,0.0,26.08811914444013,4.229128689430724,166.0
httpUsers:HTTP_Request_seats_collection,8000,477,40,726,54.51295482497693,0.0,26.08828929303997,4.229156272113901,166.0
httpUsers:HTTP_Request_ticket_collection,8000,477,24,790,57.104073545451925,0.0,26.09399055397542,4.2300804999608586,166.0
TOTAL,48000,477,16,835,55.411885051604486,0.0,156.4256733636408,25.35806814293396,166.0
