sampler_label,aggregate_report_count,average,aggregate_report_min,aggregate_report_max,aggregate_report_stddev,aggregate_report_error%,aggregate_report_rate,aggregate_report_bandwidth,average_bytes
httpUsers:HTTP_Request_flights_collection,4000,237,11,411,40.5745761253276,0.0,24.69654124939802,4.003540866601632,166.0
httpUsers:HTTP_Request_schedule_collection,4000,238,38,431,39.27282704921426,0.0,24.67962758441975,4.000799002943046,166.0
httpUsers:HTTP_Request_customer_collection,4000,237,39,445,39.390625311582724,0.0,24.66882107704073,3.9990471667858993,166.0
httpUsers:HTTP_Request_airport_collection,4000,237,41,406,39.0663511189617,0.0,24.672929478599315,3.999713177194811,166.0
httpUsers:HTTP_Request_seats_collection,4000,237,11,429,39.8327159003752,0.0,24.672929478599315,3.999713177194811,166.0
httpUsers:HTTP_Request_ticket_collection,4000,237,25,416,40.820581034571305,0.0,24.67490808596738,4.000033927998618,166.0
TOTAL,24000,237,11,445,39.83340541965232,0.0,147.73139969345732,23.948644872181564,166.0
