sampler_label,aggregate_report_count,average,aggregate_report_min,aggregate_report_max,aggregate_report_stddev,aggregate_report_error%,aggregate_report_rate,aggregate_report_bandwidth,average_bytes
httpUsers:HTTP_Request_flights_collection,6000,368,12,657,54.69488085709852,0.0,24.902465344069064,4.036923092886195,166.0
httpUsers:HTTP_Request_schedule_collection,6000,368,30,1355,55.092571364527394,0.0,24.891204692821795,4.035097635750407,166.0
httpUsers:HTTP_Request_customer_collection,6000,365,32,640,52.105360867029034,0.0,24.887591047103914,4.034511829901611,166.0
httpUsers:HTTP_Request_airport_collection,6000,368,14,1356,56.04377246006523,0.0,24.888210454707608,4.034612241681115,166.0
httpUsers:HTTP_Request_seats_collection,6000,367,16,1364,56.94823280815847,0.0,24.88790074705182,4.034562035166604,166.0
httpUsers:HTTP_Request_ticket_collection,6000,364,7,650,54.24633692087757,0.0,24.89037862414284,4.034963722273155,166.0
TOTAL,36000,367,7,1364,54.89738206416786,0.0,149.2413564381063,24.193423016333636,166.0
