sampler_label,aggregate_report_count,average,aggregate_report_min,aggregate_report_max,aggregate_report_stddev,aggregate_report_error%,aggregate_report_rate,aggregate_report_bandwidth,average_bytes
httpUsers:HTTP_Request_flights_collection,9000,553,11,1682,89.79065284576721,0.0,25.317666386296956,4.104231074341108,166.0
httpUsers:HTTP_Request_schedule_collection,9000,556,36,1706,97.565290078674,0.0,25.30962103060777,4.102926846758681,166.0
httpUsers:HTTP_Request_customer_collection,9000,555,9,1669,95.08071695553096,0.0,25.305208936675122,4.102211604968818,166.0
httpUsers:HTTP_Request_airport_collection,9000,555,58,1673,95.08705895508791,0.0,25.30513778647525,4.102200070854386,166.0
httpUsers:HTTP_Request_seats_collection,9000,553,31,1677,85.53262541665974,0.0,25.310048089091367,4.102996076942547,166.0
httpUsers:HTTP_Request_ticket_collection,9000,553,14,1665,85.99814470859786,0.0,25.32400659549683,4.105258881691869,166.0
TOTAL,54000,554,9,1706,91.63798533056321,0.0,151.70925763603262,24.593492937091227,166.0
