sampler_label,aggregate_report_count,average,aggregate_report_min,aggregate_report_max,aggregate_report_stddev,aggregate_report_error%,aggregate_report_rate,aggregate_report_bandwidth,average_bytes
httpUsers:HTTP_Request_flights_collection,5000,302,8,706,48.156080122451904,0.0,24.779094373658832,4.01692350197985,166.0
httpUsers:HTTP_Request_schedule_collection,5000,302,11,697,48.304216071063536,0.0,24.75786805046644,4.013482515993583,166.0
httpUsers:HTTP_Request_customer_collection,5000,302,12,707,47.87647021909615,0.0,24.744757823055185,4.011357225221837,166.0
httpUsers:HTTP_Request_airport_collection,5000,303,18,701,49.33294614149843,0.0,24.73374127517277,4.00957133952996,166.0
httpUsers:HTTP_Request_seats_collection,5000,301,15,704,48.75580832516256,0.0,24.732640159871785,4.009392838416715,166.0
httpUsers:HTTP_Request_ticket_collection,5000,301,15,705,48.83972892594711,0.0,24.73459776597113,4.009710184717976,166.0
TOTAL,30000,302,8,707,48.54851155469805,0.0,148.28508301493233,24.038402129373793,166.0
